search_id,date,query_or_action,purpose,result
Q01,2026-08-18,"Open Mercor-linked work-sample context and prior authoring pack","Define requested deliverable","Research-evidence memo selected as the work sample"
Q02,2026-08-18,"site:censusindia.gov.in C-17 population by bilingualism trilingualism India 2011","Locate authoritative India dataset","Found official catalog PC11_C17-00"
Q03,2026-08-18,"Inspect Census catalog HTML for DDW-C17-0000.XLSX","Resolve download endpoint","Resolved official attachment ID 13374"
Q04,2026-08-18,"Download and hash official all-India workbook","Establish immutable source","SHA-256 cd74f457dbd62017c919e763e8f4e956b4f8c46c0920500907d949828ccfe673"
Q05,2026-08-18,"Calculate English mother tongue and subsidiary language totals for state code 00","Reproduce central number","259678 + 82717239 + 45562173 = 128539090"
Q06,2026-08-18,"India 2011 census English speakers 128539090 C-17","Check calculation against secondary circulation","Found matching 128539090 and conflicting 129.3m variants"
Q07,2026-08-18,"site:census.gov 2024 ACS Speak only English United States","Establish U.S. lower bound","Found S1601: 247695110 English only; 292827195 English only or very well"
Q08,2026-08-18,"site:ons.gov.uk Census 2021 main language English proficiency","Find UK-area official comparator","Found England and Wales 52.6m main plus 4.1m proficient"
Q09,2026-08-18,"site:statcan.gc.ca 2021 knowledge of languages English","Find Canada official comparator","Found 31628570 knowledge of English"
Q10,2026-08-18,"site:abs.gov.au 2021 census English only used at home","Find Australia official comparator","Found 18303662 and explicit definition warning"
Q11,2026-08-18,"world's second-largest English-speaking country India source","Trace claim circulation","Found academic, policy, commercial, and media repetition without harmonized table"
Q12,2026-08-18,"site:censusindia.gov.in Census 2027 official","Check freshness of India data","Confirmed last completed census 2011; Census 2027 underway"
Q13,2026-08-18,"site:ef.com EPI methodology self-selected","Test whether proficiency index can produce headcount","Rejected for population ranking; sample not representative"
Q14,2026-08-18,"site:pbs.gov.pk Pakistan 2023 census mother tongue English","Check plausible comparator","Official table covers mother tongue, not English ability"
Q15,2026-08-18,"site:nigerianstat.gov.ng English language national count","Check plausible comparator","No directly comparable national English-speaker count located"
Q16,2026-08-18,"site:psa.gov.ph 2020 census language English proficiency","Check plausible comparator","Home language and general literacy located; no equivalent headcount"
Q17,2026-08-18,"Adversarial definition audit","Identify what would falsify ranking","Current harmonized global counts or another comparable national total above India would change verdict"
